Country,TotalRevenue
"United Kingdom",1755677.2389997402
EIRE,119073.72999999949
Netherlands,76442.68999999989
Germany,43432.780000000006
Denmark,36713.34000000001
